condition,row_id,source,label,prediction,correct,batch_latency_ms,attempt
generic_safety,0,jigsaw_train,FLAGGED,PASS,False,481.78,1
generic_safety,1,jigsaw_train,FLAGGED,PASS,False,438.08,1
generic_safety,2,jigsaw_train,FLAGGED,PASS,False,512.56,1
generic_safety,3,jigsaw_train,PASS,PASS,True,429.88,1
generic_safety,4,jigsaw_train,PASS,PASS,True,430.1,1
generic_safety,5,jigsaw_test,PASS,PASS,True,503.83,1
generic_safety,6,hate18,PASS,PASS,True,407.57,1
generic_safety,7,jigsaw_train,PASS,PASS,True,364.01,1
generic_safety,8,jigsaw_train,FLAGGED,PASS,False,505.06,1
generic_safety,9,jigsaw_train,PASS,FLAGGED,False,460.71,1
generic_safety,10,jigsaw_test,PASS,PASS,True,331.74,1
generic_safety,11,jigsaw_train,PASS,PASS,True,442.23,1
generic_safety,12,jigsaw_train,FLAGGED,FLAGGED,True,419.81,1
generic_safety,13,jigsaw_train,FLAGGED,FLAGGED,True,527.24,1
generic_safety,14,jigsaw_train,FLAGGED,FLAGGED,True,403.55,1
generic_safety,15,jigsaw_train,FLAGGED,PASS,False,410.96,1
generic_safety,16,jigsaw_train,FLAGGED,PASS,False,394.48,1
generic_safety,17,jigsaw_train,PASS,PASS,True,387.3,1
generic_safety,18,jigsaw_train,PASS,FLAGGED,False,404.98,1
generic_safety,19,jigsaw_train,FLAGGED,FLAGGED,True,368.2,1
generic_safety,20,jigsaw_test,PASS,PASS,True,388.44,1
generic_safety,21,jigsaw_test,PASS,FLAGGED,False,359.67,1
generic_safety,22,hate18,FLAGGED,PASS,False,365.14,1
generic_safety,23,jigsaw_train,FLAGGED,PASS,False,362.02,1
generic_safety,24,jigsaw_test,FLAGGED,PASS,False,413.94,1
generic_safety,25,jigsaw_test,FLAGGED,PASS,False,405.82,1
generic_safety,26,jigsaw_train,PASS,PASS,True,378.68,1
generic_safety,27,jigsaw_train,PASS,PASS,True,463.91,1
generic_safety,28,hate18,PASS,PASS,True,437.6,1
generic_safety,29,jigsaw_train,FLAGGED,PASS,False,418.4,1
generic_safety,30,jigsaw_train,FLAGGED,PASS,False,416.8,1
generic_safety,31,hate18,PASS,PASS,True,519.64,1
generic_safety,32,jigsaw_train,PASS,PASS,True,451.99,1
generic_safety,33,jigsaw_test,FLAGGED,FLAGGED,True,463.77,1
generic_safety,34,jigsaw_test,FLAGGED,FLAGGED,True,310.7,1
generic_safety,35,jigsaw_test,PASS,PASS,True,407.31,1
generic_safety,36,jigsaw_train,PASS,PASS,True,331.45,1
generic_safety,37,jigsaw_train,FLAGGED,PASS,False,418.69,1
generic_safety,38,jigsaw_train,FLAGGED,FLAGGED,True,458.67,1
generic_safety,39,jigsaw_train,FLAGGED,FLAGGED,True,406.29,1
generic_safety,40,jigsaw_train,FLAGGED,FLAGGED,True,465.93,1
generic_safety,41,jigsaw_test,PASS,PASS,True,388.86,1
generic_safety,42,jigsaw_test,PASS,PASS,True,468.79,1
generic_safety,43,jigsaw_train,FLAGGED,FLAGGED,True,362.32,1
generic_safety,44,jigsaw_train,PASS,PASS,True,426.92,1
generic_safety,45,jigsaw_train,PASS,PASS,True,460.99,1
generic_safety,46,jigsaw_test,FLAGGED,PASS,False,466.8,1
generic_safety,47,jigsaw_train,PASS,FLAGGED,False,433.64,1
generic_safety,48,jigsaw_train,PASS,PASS,True,536.99,1
generic_safety,49,jigsaw_test,FLAGGED,PASS,False,419.28,1
generic_safety,50,jigsaw_train,FLAGGED,PASS,False,417.45,1
generic_safety,51,jigsaw_train,FLAGGED,PASS,False,302.02,1
generic_safety,52,hate18,PASS,PASS,True,528.45,1
generic_safety,53,hate18,FLAGGED,PASS,False,421.55,1
generic_safety,54,jigsaw_train,PASS,PASS,True,381.2,1
generic_safety,55,jigsaw_test,FLAGGED,FLAGGED,True,506.05,1
generic_safety,56,jigsaw_train,FLAGGED,PASS,False,501.78,1
generic_safety,57,jigsaw_train,PASS,PASS,True,445.42,1
generic_safety,58,jigsaw_train,PASS,PASS,True,368.25,1
generic_safety,59,jigsaw_train,FLAGGED,PASS,False,460.95,1
generic_safety,60,hate18,PASS,PASS,True,408.93,1
generic_safety,61,jigsaw_test,PASS,PASS,True,381.46,1
generic_safety,62,jigsaw_train,PASS,PASS,True,492.17,1
generic_safety,63,jigsaw_train,PASS,PASS,True,333.37,1
generic_safety,64,jigsaw_train,PASS,PASS,True,468.36,1
generic_safety,65,jigsaw_train,PASS,PASS,True,462.97,1
generic_safety,66,jigsaw_train,FLAGGED,FLAGGED,True,542.55,1
generic_safety,67,jigsaw_train,PASS,PASS,True,456.26,1
generic_safety,68,jigsaw_train,FLAGGED,PASS,False,337.08,1
generic_safety,69,jigsaw_train,PASS,PASS,True,398.19,1
generic_safety,70,jigsaw_train,FLAGGED,FLAGGED,True,443.23,1
generic_safety,71,jigsaw_train,FLAGGED,PASS,False,457.78,1
generic_safety,72,jigsaw_train,FLAGGED,FLAGGED,True,489.04,1
generic_safety,73,jigsaw_train,PASS,PASS,True,342.02,1
generic_safety,74,jigsaw_train,FLAGGED,PASS,False,423.5,1
generic_safety,75,jigsaw_train,FLAGGED,FLAGGED,True,488.49,1
generic_safety,76,jigsaw_train,FLAGGED,FLAGGED,True,517.2,1
generic_safety,77,jigsaw_test,PASS,PASS,True,533.05,1
generic_safety,78,jigsaw_train,PASS,PASS,True,420.49,1
generic_safety,79,jigsaw_train,PASS,PASS,True,494.88,1
generic_safety,80,jigsaw_test,FLAGGED,PASS,False,525.59,1
generic_safety,81,jigsaw_test,FLAGGED,FLAGGED,True,499.9,1
generic_safety,82,jigsaw_train,FLAGGED,FLAGGED,True,476.18,1
generic_safety,83,hate18,FLAGGED,PASS,False,481.39,1
generic_safety,84,jigsaw_train,PASS,PASS,True,400.51,1
generic_safety,85,jigsaw_train,PASS,PASS,True,367.64,1
generic_safety,86,jigsaw_train,FLAGGED,FLAGGED,True,489.14,1
generic_safety,87,jigsaw_train,PASS,PASS,True,422.65,1
generic_safety,88,jigsaw_train,PASS,PASS,True,438.59,1
generic_safety,89,jigsaw_train,FLAGGED,FLAGGED,True,411.06,1
generic_safety,90,jigsaw_train,FLAGGED,PASS,False,420.35,1
generic_safety,91,hate18,FLAGGED,PASS,False,451.64,1
generic_safety,92,hate18,PASS,PASS,True,388.91,1
generic_safety,93,jigsaw_train,FLAGGED,FLAGGED,True,443.43,1
generic_safety,94,jigsaw_train,FLAGGED,PASS,False,452.3,1
generic_safety,95,jigsaw_train,FLAGGED,FLAGGED,True,436.13,1
generic_safety,96,jigsaw_test,FLAGGED,FLAGGED,True,402.82,1
generic_safety,97,jigsaw_train,PASS,PASS,True,479.33,1
generic_safety,98,jigsaw_test,FLAGGED,PASS,False,533.63,1
generic_safety,99,jigsaw_train,PASS,PASS,True,409.94,1
generic_safety,100,jigsaw_test,PASS,PASS,True,501.72,1
generic_safety,101,jigsaw_train,PASS,PASS,True,484.46,1
generic_safety,102,jigsaw_test,FLAGGED,PASS,False,307.34,1
generic_safety,103,jigsaw_train,PASS,FLAGGED,False,401.94,1
generic_safety,104,jigsaw_train,FLAGGED,FLAGGED,True,408.21,1
generic_safety,105,jigsaw_test,FLAGGED,PASS,False,479.09,1
generic_safety,106,jigsaw_train,PASS,PASS,True,449.42,1
generic_safety,107,jigsaw_train,PASS,PASS,True,463.72,1
generic_safety,108,jigsaw_test,PASS,PASS,True,471.81,1
generic_safety,109,jigsaw_test,FLAGGED,FLAGGED,True,395.05,1
generic_safety,110,jigsaw_train,FLAGGED,FLAGGED,True,402.67,1
generic_safety,111,hate18,PASS,PASS,True,378.86,1
generic_safety,112,jigsaw_train,PASS,PASS,True,431.49,1
generic_safety,113,jigsaw_test,PASS,PASS,True,434.04,1
generic_safety,114,jigsaw_train,FLAGGED,FLAGGED,True,448.56,1
generic_safety,115,jigsaw_test,FLAGGED,PASS,False,403.63,1
generic_safety,116,jigsaw_train,PASS,PASS,True,485.33,1
generic_safety,117,jigsaw_train,FLAGGED,FLAGGED,True,485.86,1
generic_safety,118,jigsaw_test,PASS,PASS,True,517.33,1
generic_safety,119,jigsaw_train,PASS,PASS,True,475.57,1
generic_safety,120,jigsaw_test,FLAGGED,PASS,False,449.28,1
generic_safety,121,jigsaw_test,FLAGGED,PASS,False,473.62,1
generic_safety,122,jigsaw_test,PASS,PASS,True,470.49,1
generic_safety,123,jigsaw_train,PASS,PASS,True,407.41,1
generic_safety,124,jigsaw_train,PASS,PASS,True,504.47,1
generic_safety,125,hate18,FLAGGED,PASS,False,525.93,1
generic_safety,126,hate18,FLAGGED,PASS,False,538.85,1
generic_safety,127,jigsaw_test,FLAGGED,FLAGGED,True,441.76,1
generic_safety,128,jigsaw_test,PASS,PASS,True,456.21,1
generic_safety,129,jigsaw_train,FLAGGED,PASS,False,460.82,1
generic_safety,130,jigsaw_test,FLAGGED,PASS,False,439.87,1
generic_safety,131,jigsaw_train,FLAGGED,FLAGGED,True,470.96,1
generic_safety,132,jigsaw_train,FLAGGED,PASS,False,433.94,1
generic_safety,133,jigsaw_train,FLAGGED,PASS,False,430.31,1
generic_safety,134,jigsaw_train,PASS,PASS,True,527.95,1
generic_safety,135,jigsaw_train,PASS,PASS,True,448.24,1
generic_safety,136,jigsaw_test,PASS,PASS,True,443.35,1
generic_safety,137,jigsaw_train,PASS,PASS,True,484.1,1
generic_safety,138,jigsaw_test,FLAGGED,FLAGGED,True,447.52,1
generic_safety,139,jigsaw_test,FLAGGED,FLAGGED,True,454.58,1
generic_safety,140,jigsaw_train,PASS,FLAGGED,False,436.82,1
generic_safety,141,jigsaw_test,FLAGGED,FLAGGED,True,378.98,1
generic_safety,142,jigsaw_train,PASS,PASS,True,438.45,1
generic_safety,143,jigsaw_test,PASS,PASS,True,383.16,1
generic_safety,144,jigsaw_train,FLAGGED,PASS,False,450.51,1
generic_safety,145,jigsaw_train,FLAGGED,FLAGGED,True,380.93,1
generic_safety,146,jigsaw_train,PASS,PASS,True,485.84,1
generic_safety,147,jigsaw_test,FLAGGED,FLAGGED,True,477.46,1
generic_safety,148,jigsaw_train,PASS,PASS,True,454.02,1
generic_safety,149,jigsaw_train,PASS,PASS,True,434.99,1
generic_safety,150,jigsaw_train,FLAGGED,FLAGGED,True,460.82,1
generic_safety,151,jigsaw_train,PASS,PASS,True,341.75,1
generic_safety,152,jigsaw_test,PASS,PASS,True,385.16,1
generic_safety,153,jigsaw_train,FLAGGED,PASS,False,432.56,1
generic_safety,154,jigsaw_train,FLAGGED,PASS,False,457.26,1
generic_safety,155,jigsaw_train,PASS,PASS,True,436.03,1
generic_safety,156,jigsaw_train,FLAGGED,FLAGGED,True,389.77,1
generic_safety,157,jigsaw_test,FLAGGED,FLAGGED,True,446.67,1
generic_safety,158,jigsaw_train,PASS,PASS,True,417.31,1
generic_safety,159,jigsaw_test,PASS,PASS,True,386.57,1
generic_safety,160,jigsaw_train,FLAGGED,PASS,False,456.48,1
generic_safety,161,jigsaw_test,FLAGGED,PASS,False,429.5,1
generic_safety,162,jigsaw_train,FLAGGED,PASS,False,499.82,1
generic_safety,163,jigsaw_train,PASS,PASS,True,473.28,1
generic_safety,164,jigsaw_train,PASS,PASS,True,476.73,1
generic_safety,165,jigsaw_train,PASS,PASS,True,456.08,1
generic_safety,166,jigsaw_train,FLAGGED,FLAGGED,True,397.74,1
generic_safety,167,jigsaw_train,PASS,PASS,True,393.22,1
generic_safety,168,jigsaw_test,FLAGGED,FLAGGED,True,366.44,1
generic_safety,169,jigsaw_train,FLAGGED,FLAGGED,True,583.95,1
generic_safety,170,jigsaw_test,PASS,PASS,True,386.03,1
generic_safety,171,jigsaw_train,FLAGGED,PASS,False,429.51,1
generic_safety,172,jigsaw_train,FLAGGED,PASS,False,421.98,1
generic_safety,173,jigsaw_train,FLAGGED,PASS,False,425.95,1
generic_safety,174,hate18,PASS,PASS,True,410.8,1
generic_safety,175,jigsaw_train,PASS,PASS,True,346.58,1
generic_safety,176,jigsaw_train,PASS,PASS,True,390.09,1
generic_safety,177,jigsaw_train,PASS,PASS,True,370.47,1
generic_safety,178,jigsaw_train,FLAGGED,PASS,False,433.66,1
generic_safety,179,jigsaw_train,PASS,PASS,True,405.79,1
generic_safety,180,jigsaw_test,FLAGGED,PASS,False,405.64,1
generic_safety,181,jigsaw_train,FLAGGED,FLAGGED,True,450.79,1
generic_safety,182,jigsaw_train,PASS,FLAGGED,False,410.86,1
generic_safety,183,jigsaw_test,FLAGGED,PASS,False,486.6,1
generic_safety,184,jigsaw_test,PASS,PASS,True,420.69,1
generic_safety,185,jigsaw_train,PASS,PASS,True,451.26,1
generic_safety,186,jigsaw_test,PASS,FLAGGED,False,373.74,1
generic_safety,187,jigsaw_train,FLAGGED,FLAGGED,True,472.84,1
generic_safety,188,jigsaw_train,FLAGGED,FLAGGED,True,419.74,1
generic_safety,189,jigsaw_train,FLAGGED,PASS,False,460.44,1
generic_safety,190,hate18,FLAGGED,PASS,False,456.5,1
generic_safety,191,jigsaw_train,FLAGGED,PASS,False,431.33,1
generic_safety,192,jigsaw_test,PASS,PASS,True,450.87,1
generic_safety,193,jigsaw_train,FLAGGED,PASS,False,420.74,1
generic_safety,194,jigsaw_test,PASS,PASS,True,507.31,1
generic_safety,195,jigsaw_test,PASS,PASS,True,486.71,1
generic_safety,196,jigsaw_train,FLAGGED,PASS,False,464.12,1
generic_safety,197,hate18,FLAGGED,PASS,False,380.99,1
generic_safety,198,jigsaw_test,PASS,PASS,True,385.03,1
generic_safety,199,jigsaw_train,PASS,PASS,True,406.81,1
generic_safety,200,jigsaw_test,FLAGGED,FLAGGED,True,427.75,1
generic_safety,201,jigsaw_train,FLAGGED,PASS,False,462.4,1
generic_safety,202,jigsaw_test,FLAGGED,FLAGGED,True,395.17,1
generic_safety,203,jigsaw_train,PASS,PASS,True,498.85,1
generic_safety,204,jigsaw_train,FLAGGED,FLAGGED,True,440.18,1
generic_safety,205,jigsaw_train,FLAGGED,FLAGGED,True,339.36,1
generic_safety,206,jigsaw_test,PASS,PASS,True,416.23,1
generic_safety,207,jigsaw_train,FLAGGED,PASS,False,310.74,1
generic_safety,208,jigsaw_test,FLAGGED,FLAGGED,True,402.41,1
generic_safety,209,jigsaw_test,PASS,PASS,True,412.54,1
generic_safety,210,jigsaw_train,PASS,PASS,True,409.48,1
generic_safety,211,jigsaw_train,PASS,PASS,True,423.74,1
generic_safety,212,jigsaw_test,PASS,PASS,True,420.29,1
generic_safety,213,hate18,PASS,PASS,True,410.31,1
generic_safety,214,jigsaw_train,PASS,PASS,True,515.12,1
generic_safety,215,jigsaw_train,FLAGGED,PASS,False,500.75,1
generic_safety,216,jigsaw_train,PASS,FLAGGED,False,382.91,1
generic_safety,217,hate18,PASS,PASS,True,502.69,1
generic_safety,218,jigsaw_train,FLAGGED,FLAGGED,True,358.93,1
generic_safety,219,jigsaw_test,FLAGGED,FLAGGED,True,399.27,1
generic_safety,220,jigsaw_test,PASS,PASS,True,516.26,1
generic_safety,221,jigsaw_test,PASS,PASS,True,328.02,1
generic_safety,222,jigsaw_train,PASS,PASS,True,468.74,1
generic_safety,223,jigsaw_train,PASS,PASS,True,377.33,1
generic_safety,224,jigsaw_train,FLAGGED,FLAGGED,True,432.8,1
generic_safety,225,jigsaw_test,FLAGGED,FLAGGED,True,430.99,1
generic_safety,226,jigsaw_train,PASS,PASS,True,524.86,1
generic_safety,227,jigsaw_train,FLAGGED,PASS,False,399.47,1
generic_safety,228,jigsaw_train,PASS,PASS,True,436.55,1
generic_safety,229,jigsaw_test,FLAGGED,FLAGGED,True,471.35,1
generic_safety,230,jigsaw_test,PASS,FLAGGED,False,427.41,1
generic_safety,231,jigsaw_train,PASS,PASS,True,398.9,1
generic_safety,232,jigsaw_train,PASS,PASS,True,437.04,1
generic_safety,233,jigsaw_train,FLAGGED,FLAGGED,True,444.68,1
generic_safety,234,jigsaw_train,PASS,PASS,True,484.2,1
generic_safety,235,jigsaw_train,FLAGGED,FLAGGED,True,392.85,1
generic_safety,236,jigsaw_train,PASS,PASS,True,417.54,1
generic_safety,237,jigsaw_train,FLAGGED,PASS,False,456.15,1
generic_safety,238,jigsaw_train,FLAGGED,FLAGGED,True,431.64,1
generic_safety,239,jigsaw_train,PASS,PASS,True,430.74,1
generic_safety,240,jigsaw_train,FLAGGED,FLAGGED,True,439.15,1
generic_safety,241,jigsaw_train,FLAGGED,FLAGGED,True,405.21,1
generic_safety,242,jigsaw_test,PASS,FLAGGED,False,400.02,1
generic_safety,243,jigsaw_train,PASS,PASS,True,462.04,1
generic_safety,244,hate18,PASS,PASS,True,385.24,1
generic_safety,245,jigsaw_train,FLAGGED,PASS,False,498.27,1
generic_safety,246,jigsaw_train,PASS,PASS,True,450.87,1
generic_safety,247,jigsaw_train,FLAGGED,PASS,False,376.17,1
generic_safety,248,jigsaw_train,PASS,PASS,True,454.15,1
generic_safety,249,jigsaw_train,FLAGGED,PASS,False,448.36,1
generic_safety,250,jigsaw_train,FLAGGED,FLAGGED,True,478.11,1
generic_safety,251,jigsaw_train,FLAGGED,PASS,False,497.94,1
generic_safety,252,jigsaw_test,PASS,PASS,True,421.68,1
generic_safety,253,jigsaw_train,PASS,PASS,True,404.61,1
generic_safety,254,jigsaw_train,FLAGGED,FLAGGED,True,409.7,1
generic_safety,255,jigsaw_test,FLAGGED,PASS,False,390.95,1
generic_safety,256,jigsaw_train,PASS,PASS,True,402.68,1
generic_safety,257,jigsaw_train,FLAGGED,FLAGGED,True,454.23,1
generic_safety,258,jigsaw_train,FLAGGED,FLAGGED,True,440.76,1
generic_safety,259,jigsaw_train,FLAGGED,PASS,False,415.43,1
generic_safety,260,jigsaw_train,FLAGGED,PASS,False,403.09,1
generic_safety,261,hate18,FLAGGED,PASS,False,457.39,1
generic_safety,262,jigsaw_train,FLAGGED,PASS,False,414.92,1
generic_safety,263,jigsaw_train,PASS,PASS,True,387.99,1
generic_safety,264,jigsaw_train,PASS,PASS,True,432.42,1
generic_safety,265,jigsaw_test,PASS,FLAGGED,False,426.78,1
generic_safety,266,jigsaw_test,PASS,PASS,True,386.5,1
generic_safety,267,jigsaw_train,FLAGGED,PASS,False,481.36,1
generic_safety,268,jigsaw_train,FLAGGED,FLAGGED,True,482.3,1
generic_safety,269,jigsaw_test,PASS,PASS,True,442.04,1
generic_safety,270,jigsaw_train,FLAGGED,PASS,False,446.55,1
generic_safety,271,jigsaw_test,PASS,PASS,True,466.37,1
generic_safety,272,jigsaw_train,FLAGGED,FLAGGED,True,438.45,1
generic_safety,273,jigsaw_train,PASS,PASS,True,484.56,1
generic_safety,274,jigsaw_train,PASS,PASS,True,522.8,1
generic_safety,275,jigsaw_train,PASS,PASS,True,444.02,1
generic_safety,276,jigsaw_train,PASS,PASS,True,462.01,1
generic_safety,277,jigsaw_train,PASS,PASS,True,483.67,1
generic_safety,278,jigsaw_train,PASS,FLAGGED,False,423.1,1
generic_safety,279,jigsaw_train,PASS,PASS,True,383.58,1
generic_safety,280,jigsaw_train,FLAGGED,PASS,False,485.3,1
generic_safety,281,jigsaw_train,PASS,PASS,True,361.56,1
generic_safety,282,jigsaw_train,PASS,PASS,True,529.44,1
generic_safety,283,jigsaw_train,FLAGGED,PASS,False,483.52,1
generic_safety,284,jigsaw_train,FLAGGED,FLAGGED,True,449.38,1
generic_safety,285,jigsaw_test,FLAGGED,FLAGGED,True,442.55,1
generic_safety,286,jigsaw_train,FLAGGED,PASS,False,527.57,1
generic_safety,287,jigsaw_train,PASS,PASS,True,392.69,1
generic_safety,288,jigsaw_train,PASS,PASS,True,381.99,1
generic_safety,289,jigsaw_train,FLAGGED,PASS,False,410.09,1
generic_safety,290,jigsaw_train,PASS,PASS,True,426.91,1
generic_safety,291,jigsaw_train,PASS,PASS,True,389.68,1
generic_safety,292,jigsaw_train,PASS,PASS,True,447.69,1
generic_safety,293,jigsaw_train,FLAGGED,PASS,False,446.8,1
generic_safety,294,jigsaw_train,FLAGGED,PASS,False,399.31,1
generic_safety,295,jigsaw_train,FLAGGED,FLAGGED,True,520.15,1
generic_safety,296,jigsaw_train,FLAGGED,FLAGGED,True,370.4,1
generic_safety,297,jigsaw_train,PASS,FLAGGED,False,376.16,1
generic_safety,298,jigsaw_train,PASS,PASS,True,458.81,1
generic_safety,299,jigsaw_train,FLAGGED,PASS,False,429.63,1
org_moderate,0,jigsaw_train,FLAGGED,FLAGGED,True,521.7,1
org_moderate,1,jigsaw_train,FLAGGED,FLAGGED,True,434.35,1
org_moderate,2,jigsaw_train,FLAGGED,PASS,False,503.5,1
org_moderate,3,jigsaw_train,PASS,PASS,True,413.03,1
org_moderate,4,jigsaw_train,PASS,PASS,True,485.6,1
org_moderate,5,jigsaw_test,PASS,FLAGGED,False,490.94,1
org_moderate,6,hate18,PASS,PASS,True,431.68,1
org_moderate,7,jigsaw_train,PASS,PASS,True,569.97,1
org_moderate,8,jigsaw_train,FLAGGED,PASS,False,498.37,1
org_moderate,9,jigsaw_train,PASS,FLAGGED,False,374.86,1
org_moderate,10,jigsaw_test,PASS,PASS,True,497.64,1
org_moderate,11,jigsaw_train,PASS,PASS,True,449.63,1
org_moderate,12,jigsaw_train,FLAGGED,FLAGGED,True,470.07,1
org_moderate,13,jigsaw_train,FLAGGED,FLAGGED,True,493.29,1
org_moderate,14,jigsaw_train,FLAGGED,FLAGGED,True,489.53,1
org_moderate,15,jigsaw_train,FLAGGED,PASS,False,368.04,1
org_moderate,16,jigsaw_train,FLAGGED,PASS,False,412.08,1
org_moderate,17,jigsaw_train,PASS,PASS,True,508.63,1
org_moderate,18,jigsaw_train,PASS,PASS,True,535.06,1
org_moderate,19,jigsaw_train,FLAGGED,FLAGGED,True,565.16,1
org_moderate,20,jigsaw_test,PASS,PASS,True,560.16,1
org_moderate,21,jigsaw_test,PASS,FLAGGED,False,367.22,1
org_moderate,22,hate18,FLAGGED,FLAGGED,True,508.47,1
org_moderate,23,jigsaw_train,FLAGGED,PASS,False,374.19,1
org_moderate,24,jigsaw_test,FLAGGED,FLAGGED,True,550.68,1
org_moderate,25,jigsaw_test,FLAGGED,PASS,False,482.67,1
org_moderate,26,jigsaw_train,PASS,PASS,True,412.94,1
org_moderate,27,jigsaw_train,PASS,FLAGGED,False,570.5,1
org_moderate,28,hate18,PASS,PASS,True,502.2,1
org_moderate,29,jigsaw_train,FLAGGED,FLAGGED,True,375.44,1
org_moderate,30,jigsaw_train,FLAGGED,FLAGGED,True,484.67,1
org_moderate,31,hate18,PASS,PASS,True,433.44,1
org_moderate,32,jigsaw_train,PASS,PASS,True,475.56,1
org_moderate,33,jigsaw_test,FLAGGED,FLAGGED,True,446.74,1
org_moderate,34,jigsaw_test,FLAGGED,FLAGGED,True,538.67,1
org_moderate,35,jigsaw_test,PASS,FLAGGED,False,398.84,1
org_moderate,36,jigsaw_train,PASS,PASS,True,485.87,1
org_moderate,37,jigsaw_train,FLAGGED,FLAGGED,True,560.71,1
org_moderate,38,jigsaw_train,FLAGGED,FLAGGED,True,428.65,1
org_moderate,39,jigsaw_train,FLAGGED,FLAGGED,True,480.53,1
org_moderate,40,jigsaw_train,FLAGGED,FLAGGED,True,480.1,1
org_moderate,41,jigsaw_test,PASS,PASS,True,435.51,1
org_moderate,42,jigsaw_test,PASS,FLAGGED,False,502.39,1
org_moderate,43,jigsaw_train,FLAGGED,FLAGGED,True,474.85,1
org_moderate,44,jigsaw_train,PASS,PASS,True,422.81,1
org_moderate,45,jigsaw_train,PASS,PASS,True,558.1,1
org_moderate,46,jigsaw_test,FLAGGED,FLAGGED,True,509.58,1
org_moderate,47,jigsaw_train,PASS,FLAGGED,False,461.64,1
org_moderate,48,jigsaw_train,PASS,FLAGGED,False,438.17,1
org_moderate,49,jigsaw_test,FLAGGED,FLAGGED,True,430.78,1
org_moderate,50,jigsaw_train,FLAGGED,PASS,False,531.55,1
org_moderate,51,jigsaw_train,FLAGGED,FLAGGED,True,462.68,1
org_moderate,52,hate18,PASS,FLAGGED,False,492.97,1
org_moderate,53,hate18,FLAGGED,PASS,False,460.78,1
org_moderate,54,jigsaw_train,PASS,PASS,True,500.82,1
org_moderate,55,jigsaw_test,FLAGGED,FLAGGED,True,464.2,1
org_moderate,56,jigsaw_train,FLAGGED,PASS,False,508.19,1
org_moderate,57,jigsaw_train,PASS,PASS,True,460.84,1
org_moderate,58,jigsaw_train,PASS,PASS,True,511.48,1
org_moderate,59,jigsaw_train,FLAGGED,PASS,False,503.62,1
org_moderate,60,hate18,PASS,PASS,True,464.17,1
org_moderate,61,jigsaw_test,PASS,PASS,True,427.01,1
org_moderate,62,jigsaw_train,PASS,PASS,True,422.99,1
org_moderate,63,jigsaw_train,PASS,PASS,True,432.96,1
org_moderate,64,jigsaw_train,PASS,PASS,True,420.78,1
org_moderate,65,jigsaw_train,PASS,PASS,True,513.29,1
org_moderate,66,jigsaw_train,FLAGGED,FLAGGED,True,467.67,1
org_moderate,67,jigsaw_train,PASS,FLAGGED,False,548.51,1
org_moderate,68,jigsaw_train,FLAGGED,FLAGGED,True,583.97,1
org_moderate,69,jigsaw_train,PASS,PASS,True,471.21,1
org_moderate,70,jigsaw_train,FLAGGED,FLAGGED,True,392.6,1
org_moderate,71,jigsaw_train,FLAGGED,FLAGGED,True,450.93,1
org_moderate,72,jigsaw_train,FLAGGED,FLAGGED,True,466.23,1
org_moderate,73,jigsaw_train,PASS,PASS,True,395.58,1
org_moderate,74,jigsaw_train,FLAGGED,PASS,False,457.48,1
org_moderate,75,jigsaw_train,FLAGGED,FLAGGED,True,484.35,1
org_moderate,76,jigsaw_train,FLAGGED,FLAGGED,True,447.03,1
org_moderate,77,jigsaw_test,PASS,PASS,True,431.58,1
org_moderate,78,jigsaw_train,PASS,FLAGGED,False,432.06,1
org_moderate,79,jigsaw_train,PASS,PASS,True,559.33,1
org_moderate,80,jigsaw_test,FLAGGED,FLAGGED,True,462.02,1
org_moderate,81,jigsaw_test,FLAGGED,FLAGGED,True,428.5,1
org_moderate,82,jigsaw_train,FLAGGED,FLAGGED,True,451.36,1
org_moderate,83,hate18,FLAGGED,FLAGGED,True,517.72,1
org_moderate,84,jigsaw_train,PASS,FLAGGED,False,435.77,1
org_moderate,85,jigsaw_train,PASS,PASS,True,494.09,1
org_moderate,86,jigsaw_train,FLAGGED,FLAGGED,True,506.39,1
org_moderate,87,jigsaw_train,PASS,PASS,True,507.46,1
org_moderate,88,jigsaw_train,PASS,PASS,True,539.98,1
org_moderate,89,jigsaw_train,FLAGGED,FLAGGED,True,442.48,1
org_moderate,90,jigsaw_train,FLAGGED,PASS,False,526.64,1
org_moderate,91,hate18,FLAGGED,PASS,False,430.36,1
org_moderate,92,hate18,PASS,PASS,True,450.17,1
org_moderate,93,jigsaw_train,FLAGGED,FLAGGED,True,529.8,1
org_moderate,94,jigsaw_train,FLAGGED,PASS,False,511.12,1
org_moderate,95,jigsaw_train,FLAGGED,FLAGGED,True,470.1,1
org_moderate,96,jigsaw_test,FLAGGED,FLAGGED,True,410.43,1
org_moderate,97,jigsaw_train,PASS,PASS,True,498.08,1
org_moderate,98,jigsaw_test,FLAGGED,FLAGGED,True,438.48,1
org_moderate,99,jigsaw_train,PASS,PASS,True,423.81,1
org_moderate,100,jigsaw_test,PASS,PASS,True,437.59,1
org_moderate,101,jigsaw_train,PASS,PASS,True,482.32,1
org_moderate,102,jigsaw_test,FLAGGED,FLAGGED,True,363.95,1
org_moderate,103,jigsaw_train,PASS,FLAGGED,False,488.04,1
org_moderate,104,jigsaw_train,FLAGGED,FLAGGED,True,478.7,1
org_moderate,105,jigsaw_test,FLAGGED,FLAGGED,True,440.77,1
org_moderate,106,jigsaw_train,PASS,PASS,True,521.85,1
org_moderate,107,jigsaw_train,PASS,PASS,True,500.57,1
org_moderate,108,jigsaw_test,PASS,PASS,True,439.69,1
org_moderate,109,jigsaw_test,FLAGGED,FLAGGED,True,436.5,1
org_moderate,110,jigsaw_train,FLAGGED,FLAGGED,True,504.76,1
org_moderate,111,hate18,PASS,PASS,True,394.2,1
org_moderate,112,jigsaw_train,PASS,PASS,True,453.37,1
org_moderate,113,jigsaw_test,PASS,PASS,True,438.45,1
org_moderate,114,jigsaw_train,FLAGGED,FLAGGED,True,473.49,1
org_moderate,115,jigsaw_test,FLAGGED,FLAGGED,True,480.56,1
org_moderate,116,jigsaw_train,PASS,PASS,True,471.84,1
org_moderate,117,jigsaw_train,FLAGGED,FLAGGED,True,526.74,1
org_moderate,118,jigsaw_test,PASS,PASS,True,481.4,1
org_moderate,119,jigsaw_train,PASS,PASS,True,454.25,1
org_moderate,120,jigsaw_test,FLAGGED,FLAGGED,True,409.46,1
org_moderate,121,jigsaw_test,FLAGGED,PASS,False,506.09,1
org_moderate,122,jigsaw_test,PASS,PASS,True,496.41,1
org_moderate,123,jigsaw_train,PASS,PASS,True,542.54,1
org_moderate,124,jigsaw_train,PASS,FLAGGED,False,432.63,1
org_moderate,125,hate18,FLAGGED,PASS,False,471.32,1
org_moderate,126,hate18,FLAGGED,FLAGGED,True,467.07,1
org_moderate,127,jigsaw_test,FLAGGED,FLAGGED,True,465.62,1
org_moderate,128,jigsaw_test,PASS,PASS,True,470.52,1
org_moderate,129,jigsaw_train,FLAGGED,FLAGGED,True,384.27,1
org_moderate,130,jigsaw_test,FLAGGED,PASS,False,511.25,1
org_moderate,131,jigsaw_train,FLAGGED,FLAGGED,True,502.66,1
org_moderate,132,jigsaw_train,FLAGGED,PASS,False,526.52,1
org_moderate,133,jigsaw_train,FLAGGED,FLAGGED,True,582.48,1
org_moderate,134,jigsaw_train,PASS,PASS,True,454.05,1
org_moderate,135,jigsaw_train,PASS,FLAGGED,False,468.19,1
org_moderate,136,jigsaw_test,PASS,PASS,True,470.49,1
org_moderate,137,jigsaw_train,PASS,FLAGGED,False,567.11,1
org_moderate,138,jigsaw_test,FLAGGED,FLAGGED,True,383.44,1
org_moderate,139,jigsaw_test,FLAGGED,FLAGGED,True,494.29,1
org_moderate,140,jigsaw_train,PASS,FLAGGED,False,396.46,1
org_moderate,141,jigsaw_test,FLAGGED,FLAGGED,True,340.92,1
org_moderate,142,jigsaw_train,PASS,FLAGGED,False,368.96,1
org_moderate,143,jigsaw_test,PASS,PASS,True,400.91,1
org_moderate,144,jigsaw_train,FLAGGED,PASS,False,523.45,1
org_moderate,145,jigsaw_train,FLAGGED,FLAGGED,True,426.58,1
org_moderate,146,jigsaw_train,PASS,PASS,True,458.63,1
org_moderate,147,jigsaw_test,FLAGGED,FLAGGED,True,411.82,1
org_moderate,148,jigsaw_train,PASS,PASS,True,500.55,1
org_moderate,149,jigsaw_train,PASS,PASS,True,414.9,1
org_moderate,150,jigsaw_train,FLAGGED,FLAGGED,True,535.88,1
org_moderate,151,jigsaw_train,PASS,PASS,True,420.34,1
org_moderate,152,jigsaw_test,PASS,PASS,True,431.76,1
org_moderate,153,jigsaw_train,FLAGGED,FLAGGED,True,476.14,1
org_moderate,154,jigsaw_train,FLAGGED,FLAGGED,True,471.24,1
org_moderate,155,jigsaw_train,PASS,PASS,True,541.23,1
org_moderate,156,jigsaw_train,FLAGGED,FLAGGED,True,476.02,1
org_moderate,157,jigsaw_test,FLAGGED,FLAGGED,True,409.61,1
org_moderate,158,jigsaw_train,PASS,PASS,True,441.98,1
org_moderate,159,jigsaw_test,PASS,PASS,True,441.36,1
org_moderate,160,jigsaw_train,FLAGGED,PASS,False,506.25,1
org_moderate,161,jigsaw_test,FLAGGED,FLAGGED,True,489.19,1
org_moderate,162,jigsaw_train,FLAGGED,PASS,False,464.03,1
org_moderate,163,jigsaw_train,PASS,PASS,True,513.48,1
org_moderate,164,jigsaw_train,PASS,PASS,True,443.58,1
org_moderate,165,jigsaw_train,PASS,PASS,True,463.19,1
org_moderate,166,jigsaw_train,FLAGGED,FLAGGED,True,479.04,1
org_moderate,167,jigsaw_train,PASS,PASS,True,546.41,1
org_moderate,168,jigsaw_test,FLAGGED,FLAGGED,True,465.07,1
org_moderate,169,jigsaw_train,FLAGGED,FLAGGED,True,452.46,1
org_moderate,170,jigsaw_test,PASS,FLAGGED,False,417.71,1
org_moderate,171,jigsaw_train,FLAGGED,FLAGGED,True,504.3,1
org_moderate,172,jigsaw_train,FLAGGED,PASS,False,440.62,1
org_moderate,173,jigsaw_train,FLAGGED,FLAGGED,True,487.18,1
org_moderate,174,hate18,PASS,PASS,True,374.92,1
org_moderate,175,jigsaw_train,PASS,PASS,True,522.16,1
org_moderate,176,jigsaw_train,PASS,PASS,True,403.4,1
org_moderate,177,jigsaw_train,PASS,PASS,True,431.13,1
org_moderate,178,jigsaw_train,FLAGGED,PASS,False,522.93,1
org_moderate,179,jigsaw_train,PASS,PASS,True,403.28,1
org_moderate,180,jigsaw_test,FLAGGED,FLAGGED,True,466.03,1
org_moderate,181,jigsaw_train,FLAGGED,FLAGGED,True,473.71,1
org_moderate,182,jigsaw_train,PASS,FLAGGED,False,420.07,1
org_moderate,183,jigsaw_test,FLAGGED,PASS,False,537.15,1
org_moderate,184,jigsaw_test,PASS,PASS,True,544.94,1
org_moderate,185,jigsaw_train,PASS,PASS,True,371.42,1
org_moderate,186,jigsaw_test,PASS,FLAGGED,False,397.55,1
org_moderate,187,jigsaw_train,FLAGGED,FLAGGED,True,510.41,1
org_moderate,188,jigsaw_train,FLAGGED,FLAGGED,True,404.85,1
org_moderate,189,jigsaw_train,FLAGGED,PASS,False,450.57,1
org_moderate,190,hate18,FLAGGED,PASS,False,476.48,1
org_moderate,191,jigsaw_train,FLAGGED,FLAGGED,True,504.59,1
org_moderate,192,jigsaw_test,PASS,PASS,True,458.84,1
org_moderate,193,jigsaw_train,FLAGGED,PASS,False,474.76,1
org_moderate,194,jigsaw_test,PASS,FLAGGED,False,431.16,1
org_moderate,195,jigsaw_test,PASS,PASS,True,534.62,1
org_moderate,196,jigsaw_train,FLAGGED,FLAGGED,True,445.23,1
org_moderate,197,hate18,FLAGGED,PASS,False,486.99,1
org_moderate,198,jigsaw_test,PASS,PASS,True,444.42,1
org_moderate,199,jigsaw_train,PASS,PASS,True,475.32,1
org_moderate,200,jigsaw_test,FLAGGED,FLAGGED,True,461.59,1
org_moderate,201,jigsaw_train,FLAGGED,FLAGGED,True,461.88,1
org_moderate,202,jigsaw_test,FLAGGED,FLAGGED,True,419.31,1
org_moderate,203,jigsaw_train,PASS,PASS,True,509.82,1
org_moderate,204,jigsaw_train,FLAGGED,FLAGGED,True,540.7,1
org_moderate,205,jigsaw_train,FLAGGED,FLAGGED,True,482.16,1
org_moderate,206,jigsaw_test,PASS,PASS,True,506.62,1
org_moderate,207,jigsaw_train,FLAGGED,PASS,False,511.9,1
org_moderate,208,jigsaw_test,FLAGGED,FLAGGED,True,516.4,1
org_moderate,209,jigsaw_test,PASS,PASS,True,485.17,1
org_moderate,210,jigsaw_train,PASS,PASS,True,480.61,1
org_moderate,211,jigsaw_train,PASS,FLAGGED,False,513.2,1
org_moderate,212,jigsaw_test,PASS,PASS,True,473.44,1
org_moderate,213,hate18,PASS,PASS,True,421.3,1
org_moderate,214,jigsaw_train,PASS,PASS,True,471.19,1
org_moderate,215,jigsaw_train,FLAGGED,PASS,False,375.58,1
org_moderate,216,jigsaw_train,PASS,FLAGGED,False,469.7,1
org_moderate,217,hate18,PASS,PASS,True,490.67,1
org_moderate,218,jigsaw_train,FLAGGED,FLAGGED,True,531.8,1
org_moderate,219,jigsaw_test,FLAGGED,FLAGGED,True,477.56,1
org_moderate,220,jigsaw_test,PASS,PASS,True,516.41,1
org_moderate,221,jigsaw_test,PASS,PASS,True,469.97,1
org_moderate,222,jigsaw_train,PASS,PASS,True,418.83,1
org_moderate,223,jigsaw_train,PASS,PASS,True,399.43,1
org_moderate,224,jigsaw_train,FLAGGED,FLAGGED,True,421.51,1
org_moderate,225,jigsaw_test,FLAGGED,FLAGGED,True,401.69,1
org_moderate,226,jigsaw_train,PASS,PASS,True,501.69,1
org_moderate,227,jigsaw_train,FLAGGED,FLAGGED,True,459.62,1
org_moderate,228,jigsaw_train,PASS,PASS,True,498.52,1
org_moderate,229,jigsaw_test,FLAGGED,FLAGGED,True,473.67,1
org_moderate,230,jigsaw_test,PASS,FLAGGED,False,522.2,1
org_moderate,231,jigsaw_train,PASS,PASS,True,523.01,1
org_moderate,232,jigsaw_train,PASS,PASS,True,437.73,1
org_moderate,233,jigsaw_train,FLAGGED,FLAGGED,True,456.28,1
org_moderate,234,jigsaw_train,PASS,PASS,True,443.36,1
org_moderate,235,jigsaw_train,FLAGGED,FLAGGED,True,388.93,1
org_moderate,236,jigsaw_train,PASS,FLAGGED,False,503.76,1
org_moderate,237,jigsaw_train,FLAGGED,FLAGGED,True,529.44,1
org_moderate,238,jigsaw_train,FLAGGED,FLAGGED,True,469.68,1
org_moderate,239,jigsaw_train,PASS,PASS,True,445.34,1
org_moderate,240,jigsaw_train,FLAGGED,FLAGGED,True,524.55,1
org_moderate,241,jigsaw_train,FLAGGED,FLAGGED,True,352.75,1
org_moderate,242,jigsaw_test,PASS,FLAGGED,False,478.87,1
org_moderate,243,jigsaw_train,PASS,PASS,True,477.16,1
org_moderate,244,hate18,PASS,PASS,True,441.46,1
org_moderate,245,jigsaw_train,FLAGGED,FLAGGED,True,539.58,1
org_moderate,246,jigsaw_train,PASS,FLAGGED,False,518.54,1
org_moderate,247,jigsaw_train,FLAGGED,FLAGGED,True,456.94,1
org_moderate,248,jigsaw_train,PASS,PASS,True,465.67,1
org_moderate,249,jigsaw_train,FLAGGED,FLAGGED,True,450.6,1
org_moderate,250,jigsaw_train,FLAGGED,FLAGGED,True,444.39,1
org_moderate,251,jigsaw_train,FLAGGED,PASS,False,404.59,1
org_moderate,252,jigsaw_test,PASS,PASS,True,539.0,1
org_moderate,253,jigsaw_train,PASS,PASS,True,521.4,1
org_moderate,254,jigsaw_train,FLAGGED,FLAGGED,True,509.91,1
org_moderate,255,jigsaw_test,FLAGGED,FLAGGED,True,415.28,1
org_moderate,256,jigsaw_train,PASS,PASS,True,574.04,1
org_moderate,257,jigsaw_train,FLAGGED,FLAGGED,True,569.01,1
org_moderate,258,jigsaw_train,FLAGGED,FLAGGED,True,479.4,1
org_moderate,259,jigsaw_train,FLAGGED,PASS,False,424.79,1
org_moderate,260,jigsaw_train,FLAGGED,PASS,False,426.68,1
org_moderate,261,hate18,FLAGGED,PASS,False,490.93,1
org_moderate,262,jigsaw_train,FLAGGED,FLAGGED,True,424.35,1
org_moderate,263,jigsaw_train,PASS,PASS,True,468.29,1
org_moderate,264,jigsaw_train,PASS,FLAGGED,False,524.43,1
org_moderate,265,jigsaw_test,PASS,FLAGGED,False,394.66,1
org_moderate,266,jigsaw_test,PASS,FLAGGED,False,570.29,1
org_moderate,267,jigsaw_train,FLAGGED,FLAGGED,True,548.34,1
org_moderate,268,jigsaw_train,FLAGGED,FLAGGED,True,408.15,1
org_moderate,269,jigsaw_test,PASS,PASS,True,399.32,1
org_moderate,270,jigsaw_train,FLAGGED,FLAGGED,True,455.83,1
org_moderate,271,jigsaw_test,PASS,PASS,True,418.44,1
org_moderate,272,jigsaw_train,FLAGGED,FLAGGED,True,456.81,1
org_moderate,273,jigsaw_train,PASS,PASS,True,340.94,1
org_moderate,274,jigsaw_train,PASS,PASS,True,458.56,1
org_moderate,275,jigsaw_train,PASS,PASS,True,560.14,1
org_moderate,276,jigsaw_train,PASS,PASS,True,414.17,1
org_moderate,277,jigsaw_train,PASS,FLAGGED,False,456.35,1
org_moderate,278,jigsaw_train,PASS,PASS,True,395.52,1
org_moderate,279,jigsaw_train,PASS,PASS,True,501.91,1
org_moderate,280,jigsaw_train,FLAGGED,FLAGGED,True,458.73,1
org_moderate,281,jigsaw_train,PASS,PASS,True,567.04,1
org_moderate,282,jigsaw_train,PASS,PASS,True,480.34,1
org_moderate,283,jigsaw_train,FLAGGED,FLAGGED,True,451.39,1
org_moderate,284,jigsaw_train,FLAGGED,FLAGGED,True,497.51,1
org_moderate,285,jigsaw_test,FLAGGED,FLAGGED,True,444.69,1
org_moderate,286,jigsaw_train,FLAGGED,FLAGGED,True,403.03,1
org_moderate,287,jigsaw_train,PASS,FLAGGED,False,485.1,1
org_moderate,288,jigsaw_train,PASS,PASS,True,461.26,1
org_moderate,289,jigsaw_train,FLAGGED,PASS,False,478.32,1
org_moderate,290,jigsaw_train,PASS,PASS,True,488.77,1
org_moderate,291,jigsaw_train,PASS,PASS,True,444.48,1
org_moderate,292,jigsaw_train,PASS,PASS,True,491.08,1
org_moderate,293,jigsaw_train,FLAGGED,FLAGGED,True,556.88,1
org_moderate,294,jigsaw_train,FLAGGED,FLAGGED,True,414.61,1
org_moderate,295,jigsaw_train,FLAGGED,FLAGGED,True,556.87,1
org_moderate,296,jigsaw_train,FLAGGED,FLAGGED,True,457.86,1
org_moderate,297,jigsaw_train,PASS,FLAGGED,False,431.67,1
org_moderate,298,jigsaw_train,PASS,FLAGGED,False,591.36,1
org_moderate,299,jigsaw_train,FLAGGED,FLAGGED,True,477.75,1
org_relaxed,0,jigsaw_train,FLAGGED,PASS,False,528.52,1
org_relaxed,1,jigsaw_train,FLAGGED,PASS,False,500.88,1
org_relaxed,2,jigsaw_train,FLAGGED,PASS,False,375.97,1
org_relaxed,3,jigsaw_train,PASS,PASS,True,466.04,1
org_relaxed,4,jigsaw_train,PASS,PASS,True,433.73,1
org_relaxed,5,jigsaw_test,PASS,PASS,True,392.91,1
org_relaxed,6,hate18,PASS,PASS,True,371.41,1
org_relaxed,7,jigsaw_train,PASS,PASS,True,465.11,1
org_relaxed,8,jigsaw_train,FLAGGED,PASS,False,489.51,1
org_relaxed,9,jigsaw_train,PASS,PASS,True,479.53,1
org_relaxed,10,jigsaw_test,PASS,PASS,True,444.71,1
org_relaxed,11,jigsaw_train,PASS,PASS,True,420.07,1
org_relaxed,12,jigsaw_train,FLAGGED,FLAGGED,True,410.66,1
org_relaxed,13,jigsaw_train,FLAGGED,FLAGGED,True,432.24,1
org_relaxed,14,jigsaw_train,FLAGGED,FLAGGED,True,408.35,1
org_relaxed,15,jigsaw_train,FLAGGED,PASS,False,449.84,1
org_relaxed,16,jigsaw_train,FLAGGED,PASS,False,458.86,1
org_relaxed,17,jigsaw_train,PASS,PASS,True,415.2,1
org_relaxed,18,jigsaw_train,PASS,PASS,True,448.4,1
org_relaxed,19,jigsaw_train,FLAGGED,FLAGGED,True,421.98,1
org_relaxed,20,jigsaw_test,PASS,PASS,True,459.78,1
org_relaxed,21,jigsaw_test,PASS,FLAGGED,False,485.35,1
org_relaxed,22,hate18,FLAGGED,PASS,False,468.91,1
org_relaxed,23,jigsaw_train,FLAGGED,PASS,False,483.61,1
org_relaxed,24,jigsaw_test,FLAGGED,PASS,False,377.4,1
org_relaxed,25,jigsaw_test,FLAGGED,PASS,False,441.07,1
org_relaxed,26,jigsaw_train,PASS,PASS,True,473.84,1
org_relaxed,27,jigsaw_train,PASS,PASS,True,492.06,1
org_relaxed,28,hate18,PASS,PASS,True,380.1,1
org_relaxed,29,jigsaw_train,FLAGGED,PASS,False,467.96,1
org_relaxed,30,jigsaw_train,FLAGGED,PASS,False,520.32,1
org_relaxed,31,hate18,PASS,PASS,True,451.07,1
org_relaxed,32,jigsaw_train,PASS,PASS,True,455.26,1
org_relaxed,33,jigsaw_test,FLAGGED,FLAGGED,True,482.52,1
org_relaxed,34,jigsaw_test,FLAGGED,FLAGGED,True,472.36,1
org_relaxed,35,jigsaw_test,PASS,PASS,True,493.73,1
org_relaxed,36,jigsaw_train,PASS,PASS,True,463.62,1
org_relaxed,37,jigsaw_train,FLAGGED,PASS,False,467.62,1
org_relaxed,38,jigsaw_train,FLAGGED,PASS,False,420.88,1
org_relaxed,39,jigsaw_train,FLAGGED,FLAGGED,True,451.48,1
org_relaxed,40,jigsaw_train,FLAGGED,FLAGGED,True,522.66,1
org_relaxed,41,jigsaw_test,PASS,PASS,True,449.79,1
org_relaxed,42,jigsaw_test,PASS,PASS,True,451.57,1
org_relaxed,43,jigsaw_train,FLAGGED,FLAGGED,True,435.42,1
org_relaxed,44,jigsaw_train,PASS,PASS,True,499.36,1
org_relaxed,45,jigsaw_train,PASS,PASS,True,417.27,1
org_relaxed,46,jigsaw_test,FLAGGED,PASS,False,505.53,1
org_relaxed,47,jigsaw_train,PASS,FLAGGED,False,413.15,1
org_relaxed,48,jigsaw_train,PASS,PASS,True,407.11,1
org_relaxed,49,jigsaw_test,FLAGGED,PASS,False,470.3,1
org_relaxed,50,jigsaw_train,FLAGGED,PASS,False,466.51,1
org_relaxed,51,jigsaw_train,FLAGGED,PASS,False,474.88,1
org_relaxed,52,hate18,PASS,PASS,True,513.13,1
org_relaxed,53,hate18,FLAGGED,PASS,False,439.38,1
org_relaxed,54,jigsaw_train,PASS,PASS,True,482.15,1
org_relaxed,55,jigsaw_test,FLAGGED,FLAGGED,True,414.51,1
org_relaxed,56,jigsaw_train,FLAGGED,PASS,False,522.96,1
org_relaxed,57,jigsaw_train,PASS,PASS,True,491.62,1
org_relaxed,58,jigsaw_train,PASS,PASS,True,486.83,1
org_relaxed,59,jigsaw_train,FLAGGED,PASS,False,469.39,1
org_relaxed,60,hate18,PASS,PASS,True,420.72,1
org_relaxed,61,jigsaw_test,PASS,PASS,True,443.63,1
org_relaxed,62,jigsaw_train,PASS,PASS,True,485.09,1
org_relaxed,63,jigsaw_train,PASS,PASS,True,459.04,1
org_relaxed,64,jigsaw_train,PASS,PASS,True,466.19,1
org_relaxed,65,jigsaw_train,PASS,PASS,True,392.01,1
org_relaxed,66,jigsaw_train,FLAGGED,FLAGGED,True,469.05,1
org_relaxed,67,jigsaw_train,PASS,PASS,True,425.4,1
org_relaxed,68,jigsaw_train,FLAGGED,PASS,False,405.83,1
org_relaxed,69,jigsaw_train,PASS,PASS,True,452.27,1
org_relaxed,70,jigsaw_train,FLAGGED,FLAGGED,True,367.17,1
org_relaxed,71,jigsaw_train,FLAGGED,PASS,False,494.93,1
org_relaxed,72,jigsaw_train,FLAGGED,FLAGGED,True,502.6,1
org_relaxed,73,jigsaw_train,PASS,PASS,True,457.33,1
org_relaxed,74,jigsaw_train,FLAGGED,PASS,False,410.31,1
org_relaxed,75,jigsaw_train,FLAGGED,FLAGGED,True,412.73,1
org_relaxed,76,jigsaw_train,FLAGGED,FLAGGED,True,452.44,1
org_relaxed,77,jigsaw_test,PASS,PASS,True,338.81,1
org_relaxed,78,jigsaw_train,PASS,PASS,True,469.02,1
org_relaxed,79,jigsaw_train,PASS,PASS,True,493.22,1
org_relaxed,80,jigsaw_test,FLAGGED,PASS,False,444.41,1
org_relaxed,81,jigsaw_test,FLAGGED,FLAGGED,True,435.28,1
org_relaxed,82,jigsaw_train,FLAGGED,FLAGGED,True,469.1,1
org_relaxed,83,hate18,FLAGGED,PASS,False,477.53,1
org_relaxed,84,jigsaw_train,PASS,PASS,True,514.71,1
org_relaxed,85,jigsaw_train,PASS,PASS,True,460.92,1
org_relaxed,86,jigsaw_train,FLAGGED,FLAGGED,True,425.51,1
org_relaxed,87,jigsaw_train,PASS,PASS,True,436.94,1
org_relaxed,88,jigsaw_train,PASS,PASS,True,469.1,1
org_relaxed,89,jigsaw_train,FLAGGED,FLAGGED,True,537.81,1
org_relaxed,90,jigsaw_train,FLAGGED,PASS,False,443.99,1
org_relaxed,91,hate18,FLAGGED,PASS,False,407.37,1
org_relaxed,92,hate18,PASS,PASS,True,416.49,1
org_relaxed,93,jigsaw_train,FLAGGED,PASS,False,355.18,1
org_relaxed,94,jigsaw_train,FLAGGED,PASS,False,476.49,1
org_relaxed,95,jigsaw_train,FLAGGED,FLAGGED,True,391.93,1
org_relaxed,96,jigsaw_test,FLAGGED,PASS,False,398.32,1
org_relaxed,97,jigsaw_train,PASS,PASS,True,361.2,1
org_relaxed,98,jigsaw_test,FLAGGED,PASS,False,404.1,1
org_relaxed,99,jigsaw_train,PASS,PASS,True,488.42,1
org_relaxed,100,jigsaw_test,PASS,PASS,True,394.43,1
org_relaxed,101,jigsaw_train,PASS,PASS,True,372.52,1
org_relaxed,102,jigsaw_test,FLAGGED,PASS,False,468.91,1
org_relaxed,103,jigsaw_train,PASS,PASS,True,442.94,1
org_relaxed,104,jigsaw_train,FLAGGED,PASS,False,481.61,1
org_relaxed,105,jigsaw_test,FLAGGED,PASS,False,497.03,1
org_relaxed,106,jigsaw_train,PASS,PASS,True,459.58,1
org_relaxed,107,jigsaw_train,PASS,PASS,True,395.11,1
org_relaxed,108,jigsaw_test,PASS,PASS,True,453.81,1
org_relaxed,109,jigsaw_test,FLAGGED,FLAGGED,True,485.01,1
org_relaxed,110,jigsaw_train,FLAGGED,PASS,False,430.85,1
org_relaxed,111,hate18,PASS,PASS,True,388.13,1
org_relaxed,112,jigsaw_train,PASS,PASS,True,515.13,1
org_relaxed,113,jigsaw_test,PASS,PASS,True,439.24,1
org_relaxed,114,jigsaw_train,FLAGGED,PASS,False,439.54,1
org_relaxed,115,jigsaw_test,FLAGGED,PASS,False,460.8,1
org_relaxed,116,jigsaw_train,PASS,PASS,True,511.52,1
org_relaxed,117,jigsaw_train,FLAGGED,FLAGGED,True,473.18,1
org_relaxed,118,jigsaw_test,PASS,PASS,True,443.34,1
org_relaxed,119,jigsaw_train,PASS,PASS,True,494.11,1
org_relaxed,120,jigsaw_test,FLAGGED,PASS,False,567.35,1
org_relaxed,121,jigsaw_test,FLAGGED,PASS,False,529.39,1
org_relaxed,122,jigsaw_test,PASS,PASS,True,493.64,1
org_relaxed,123,jigsaw_train,PASS,PASS,True,403.89,1
org_relaxed,124,jigsaw_train,PASS,PASS,True,647.6,1
org_relaxed,125,hate18,FLAGGED,PASS,False,400.07,1
org_relaxed,126,hate18,FLAGGED,PASS,False,441.41,1
org_relaxed,127,jigsaw_test,FLAGGED,PASS,False,425.01,1
org_relaxed,128,jigsaw_test,PASS,PASS,True,541.34,1
org_relaxed,129,jigsaw_train,FLAGGED,PASS,False,481.01,1
org_relaxed,130,jigsaw_test,FLAGGED,PASS,False,388.64,1
org_relaxed,131,jigsaw_train,FLAGGED,FLAGGED,True,473.38,1
org_relaxed,132,jigsaw_train,FLAGGED,PASS,False,487.35,1
org_relaxed,133,jigsaw_train,FLAGGED,PASS,False,444.08,1
org_relaxed,134,jigsaw_train,PASS,PASS,True,398.99,1
org_relaxed,135,jigsaw_train,PASS,PASS,True,423.75,1
org_relaxed,136,jigsaw_test,PASS,PASS,True,438.16,1
org_relaxed,137,jigsaw_train,PASS,PASS,True,461.14,1
org_relaxed,138,jigsaw_test,FLAGGED,FLAGGED,True,434.0,1
org_relaxed,139,jigsaw_test,FLAGGED,FLAGGED,True,496.76,1
org_relaxed,140,jigsaw_train,PASS,FLAGGED,False,412.5,1
org_relaxed,141,jigsaw_test,FLAGGED,FLAGGED,True,373.43,1
org_relaxed,142,jigsaw_train,PASS,PASS,True,423.03,1
org_relaxed,143,jigsaw_test,PASS,PASS,True,527.44,1
org_relaxed,144,jigsaw_train,FLAGGED,PASS,False,431.34,1
org_relaxed,145,jigsaw_train,FLAGGED,FLAGGED,True,577.04,1
org_relaxed,146,jigsaw_train,PASS,PASS,True,484.57,1
org_relaxed,147,jigsaw_test,FLAGGED,FLAGGED,True,401.78,1
org_relaxed,148,jigsaw_train,PASS,PASS,True,418.29,1
org_relaxed,149,jigsaw_train,PASS,PASS,True,472.17,1
org_relaxed,150,jigsaw_train,FLAGGED,FLAGGED,True,401.12,1
org_relaxed,151,jigsaw_train,PASS,PASS,True,578.73,1
org_relaxed,152,jigsaw_test,PASS,PASS,True,410.46,1
org_relaxed,153,jigsaw_train,FLAGGED,PASS,False,494.05,1
org_relaxed,154,jigsaw_train,FLAGGED,PASS,False,533.01,1
org_relaxed,155,jigsaw_train,PASS,PASS,True,454.54,1
org_relaxed,156,jigsaw_train,FLAGGED,FLAGGED,True,410.21,1
org_relaxed,157,jigsaw_test,FLAGGED,FLAGGED,True,446.35,1
org_relaxed,158,jigsaw_train,PASS,PASS,True,478.11,1
org_relaxed,159,jigsaw_test,PASS,PASS,True,503.79,1
org_relaxed,160,jigsaw_train,FLAGGED,PASS,False,462.84,1
org_relaxed,161,jigsaw_test,FLAGGED,PASS,False,389.99,1
org_relaxed,162,jigsaw_train,FLAGGED,PASS,False,462.12,1
org_relaxed,163,jigsaw_train,PASS,PASS,True,426.33,1
org_relaxed,164,jigsaw_train,PASS,PASS,True,350.84,1
org_relaxed,165,jigsaw_train,PASS,PASS,True,425.12,1
org_relaxed,166,jigsaw_train,FLAGGED,FLAGGED,True,388.38,1
org_relaxed,167,jigsaw_train,PASS,PASS,True,489.34,1
org_relaxed,168,jigsaw_test,FLAGGED,PASS,False,557.21,1
org_relaxed,169,jigsaw_train,FLAGGED,FLAGGED,True,552.94,1
org_relaxed,170,jigsaw_test,PASS,PASS,True,431.34,1
org_relaxed,171,jigsaw_train,FLAGGED,PASS,False,436.63,1
org_relaxed,172,jigsaw_train,FLAGGED,PASS,False,494.44,1
org_relaxed,173,jigsaw_train,FLAGGED,PASS,False,513.06,1
org_relaxed,174,hate18,PASS,PASS,True,439.06,1
org_relaxed,175,jigsaw_train,PASS,PASS,True,452.87,1
org_relaxed,176,jigsaw_train,PASS,PASS,True,570.35,1
org_relaxed,177,jigsaw_train,PASS,PASS,True,454.63,1
org_relaxed,178,jigsaw_train,FLAGGED,PASS,False,435.73,1
org_relaxed,179,jigsaw_train,PASS,PASS,True,466.0,1
org_relaxed,180,jigsaw_test,FLAGGED,PASS,False,488.99,1
org_relaxed,181,jigsaw_train,FLAGGED,FLAGGED,True,408.92,1
org_relaxed,182,jigsaw_train,PASS,PASS,True,447.58,1
org_relaxed,183,jigsaw_test,FLAGGED,PASS,False,401.68,1
org_relaxed,184,jigsaw_test,PASS,PASS,True,446.09,1
org_relaxed,185,jigsaw_train,PASS,PASS,True,553.85,1
org_relaxed,186,jigsaw_test,PASS,FLAGGED,False,497.09,1
org_relaxed,187,jigsaw_train,FLAGGED,FLAGGED,True,455.37,1
org_relaxed,188,jigsaw_train,FLAGGED,FLAGGED,True,413.34,1
org_relaxed,189,jigsaw_train,FLAGGED,PASS,False,444.43,1
org_relaxed,190,hate18,FLAGGED,PASS,False,512.54,1
org_relaxed,191,jigsaw_train,FLAGGED,PASS,False,431.92,1
org_relaxed,192,jigsaw_test,PASS,PASS,True,532.52,1
org_relaxed,193,jigsaw_train,FLAGGED,PASS,False,391.32,1
org_relaxed,194,jigsaw_test,PASS,PASS,True,445.5,1
org_relaxed,195,jigsaw_test,PASS,PASS,True,547.14,1
org_relaxed,196,jigsaw_train,FLAGGED,PASS,False,359.61,1
org_relaxed,197,hate18,FLAGGED,PASS,False,519.42,1
org_relaxed,198,jigsaw_test,PASS,PASS,True,367.43,1
org_relaxed,199,jigsaw_train,PASS,PASS,True,455.5,1
org_relaxed,200,jigsaw_test,FLAGGED,FLAGGED,True,451.37,1
org_relaxed,201,jigsaw_train,FLAGGED,PASS,False,501.21,1
org_relaxed,202,jigsaw_test,FLAGGED,PASS,False,302.27,1
org_relaxed,203,jigsaw_train,PASS,PASS,True,364.11,1
org_relaxed,204,jigsaw_train,FLAGGED,FLAGGED,True,431.7,1
org_relaxed,205,jigsaw_train,FLAGGED,PASS,False,461.84,1
org_relaxed,206,jigsaw_test,PASS,PASS,True,415.34,1
org_relaxed,207,jigsaw_train,FLAGGED,PASS,False,448.96,1
org_relaxed,208,jigsaw_test,FLAGGED,FLAGGED,True,400.69,1
org_relaxed,209,jigsaw_test,PASS,PASS,True,439.94,1
org_relaxed,210,jigsaw_train,PASS,PASS,True,417.66,1
org_relaxed,211,jigsaw_train,PASS,PASS,True,472.2,1
org_relaxed,212,jigsaw_test,PASS,PASS,True,489.07,1
org_relaxed,213,hate18,PASS,PASS,True,531.65,1
org_relaxed,214,jigsaw_train,PASS,PASS,True,427.18,1
org_relaxed,215,jigsaw_train,FLAGGED,PASS,False,444.1,1
org_relaxed,216,jigsaw_train,PASS,PASS,True,462.39,1
org_relaxed,217,hate18,PASS,PASS,True,445.25,1
org_relaxed,218,jigsaw_train,FLAGGED,PASS,False,457.4,1
org_relaxed,219,jigsaw_test,FLAGGED,PASS,False,381.89,1
org_relaxed,220,jigsaw_test,PASS,PASS,True,478.59,1
org_relaxed,221,jigsaw_test,PASS,PASS,True,414.24,1
org_relaxed,222,jigsaw_train,PASS,PASS,True,412.15,1
org_relaxed,223,jigsaw_train,PASS,PASS,True,380.59,1
org_relaxed,224,jigsaw_train,FLAGGED,FLAGGED,True,518.05,1
org_relaxed,225,jigsaw_test,FLAGGED,FLAGGED,True,452.97,1
org_relaxed,226,jigsaw_train,PASS,PASS,True,517.47,1
org_relaxed,227,jigsaw_train,FLAGGED,PASS,False,473.62,1
org_relaxed,228,jigsaw_train,PASS,PASS,True,374.83,1
org_relaxed,229,jigsaw_test,FLAGGED,PASS,False,405.82,1
org_relaxed,230,jigsaw_test,PASS,FLAGGED,False,497.9,1
org_relaxed,231,jigsaw_train,PASS,PASS,True,421.72,1
org_relaxed,232,jigsaw_train,PASS,PASS,True,405.48,1
org_relaxed,233,jigsaw_train,FLAGGED,PASS,False,451.03,1
org_relaxed,234,jigsaw_train,PASS,PASS,True,451.15,1
org_relaxed,235,jigsaw_train,FLAGGED,FLAGGED,True,409.41,1
org_relaxed,236,jigsaw_train,PASS,PASS,True,443.69,1
org_relaxed,237,jigsaw_train,FLAGGED,PASS,False,436.08,1
org_relaxed,238,jigsaw_train,FLAGGED,FLAGGED,True,330.5,1
org_relaxed,239,jigsaw_train,PASS,PASS,True,485.13,1
org_relaxed,240,jigsaw_train,FLAGGED,FLAGGED,True,419.43,1
org_relaxed,241,jigsaw_train,FLAGGED,FLAGGED,True,525.22,1
org_relaxed,242,jigsaw_test,PASS,PASS,True,402.49,1
org_relaxed,243,jigsaw_train,PASS,PASS,True,381.02,1
org_relaxed,244,hate18,PASS,PASS,True,519.38,1
org_relaxed,245,jigsaw_train,FLAGGED,PASS,False,380.75,1
org_relaxed,246,jigsaw_train,PASS,PASS,True,428.19,1
org_relaxed,247,jigsaw_train,FLAGGED,PASS,False,489.87,1
org_relaxed,248,jigsaw_train,PASS,PASS,True,443.52,1
org_relaxed,249,jigsaw_train,FLAGGED,PASS,False,377.23,1
org_relaxed,250,jigsaw_train,FLAGGED,FLAGGED,True,469.4,1
org_relaxed,251,jigsaw_train,FLAGGED,PASS,False,450.28,1
org_relaxed,252,jigsaw_test,PASS,PASS,True,524.19,1
org_relaxed,253,jigsaw_train,PASS,PASS,True,489.43,1
org_relaxed,254,jigsaw_train,FLAGGED,FLAGGED,True,611.79,1
org_relaxed,255,jigsaw_test,FLAGGED,PASS,False,377.71,1
org_relaxed,256,jigsaw_train,PASS,PASS,True,458.92,1
org_relaxed,257,jigsaw_train,FLAGGED,FLAGGED,True,406.67,1
org_relaxed,258,jigsaw_train,FLAGGED,FLAGGED,True,517.74,1
org_relaxed,259,jigsaw_train,FLAGGED,PASS,False,501.09,1
org_relaxed,260,jigsaw_train,FLAGGED,PASS,False,497.7,1
org_relaxed,261,hate18,FLAGGED,PASS,False,421.13,1
org_relaxed,262,jigsaw_train,FLAGGED,PASS,False,422.74,1
org_relaxed,263,jigsaw_train,PASS,PASS,True,358.52,1
org_relaxed,264,jigsaw_train,PASS,PASS,True,545.48,1
org_relaxed,265,jigsaw_test,PASS,PASS,True,485.41,1
org_relaxed,266,jigsaw_test,PASS,PASS,True,446.96,1
org_relaxed,267,jigsaw_train,FLAGGED,PASS,False,506.68,1
org_relaxed,268,jigsaw_train,FLAGGED,FLAGGED,True,497.55,1
org_relaxed,269,jigsaw_test,PASS,PASS,True,508.76,1
org_relaxed,270,jigsaw_train,FLAGGED,PASS,False,378.82,1
org_relaxed,271,jigsaw_test,PASS,PASS,True,424.31,1
org_relaxed,272,jigsaw_train,FLAGGED,PASS,False,469.77,1
org_relaxed,273,jigsaw_train,PASS,PASS,True,477.77,1
org_relaxed,274,jigsaw_train,PASS,PASS,True,507.86,1
org_relaxed,275,jigsaw_train,PASS,PASS,True,409.57,1
org_relaxed,276,jigsaw_train,PASS,PASS,True,466.36,1
org_relaxed,277,jigsaw_train,PASS,PASS,True,570.27,1
org_relaxed,278,jigsaw_train,PASS,PASS,True,494.6,1
org_relaxed,279,jigsaw_train,PASS,PASS,True,503.53,1
org_relaxed,280,jigsaw_train,FLAGGED,PASS,False,459.04,1
org_relaxed,281,jigsaw_train,PASS,PASS,True,498.38,1
org_relaxed,282,jigsaw_train,PASS,PASS,True,550.2,1
org_relaxed,283,jigsaw_train,FLAGGED,PASS,False,465.33,1
org_relaxed,284,jigsaw_train,FLAGGED,FLAGGED,True,521.2,1
org_relaxed,285,jigsaw_test,FLAGGED,FLAGGED,True,416.24,1
org_relaxed,286,jigsaw_train,FLAGGED,PASS,False,489.5,1
org_relaxed,287,jigsaw_train,PASS,PASS,True,505.21,1
org_relaxed,288,jigsaw_train,PASS,PASS,True,422.4,1
org_relaxed,289,jigsaw_train,FLAGGED,PASS,False,514.91,1
org_relaxed,290,jigsaw_train,PASS,PASS,True,426.24,1
org_relaxed,291,jigsaw_train,PASS,PASS,True,419.74,1
org_relaxed,292,jigsaw_train,PASS,PASS,True,459.94,1
org_relaxed,293,jigsaw_train,FLAGGED,PASS,False,556.6,1
org_relaxed,294,jigsaw_train,FLAGGED,PASS,False,475.46,1
org_relaxed,295,jigsaw_train,FLAGGED,FLAGGED,True,506.79,1
org_relaxed,296,jigsaw_train,FLAGGED,PASS,False,423.41,1
org_relaxed,297,jigsaw_train,PASS,FLAGGED,False,463.87,1
org_relaxed,298,jigsaw_train,PASS,PASS,True,401.17,1
org_relaxed,299,jigsaw_train,FLAGGED,PASS,False,431.44,1
org_strict,0,jigsaw_train,FLAGGED,FLAGGED,True,472.8,1
org_strict,1,jigsaw_train,FLAGGED,FLAGGED,True,471.35,1
org_strict,2,jigsaw_train,FLAGGED,PASS,False,474.43,1
org_strict,3,jigsaw_train,PASS,PASS,True,515.1,1
org_strict,4,jigsaw_train,PASS,PASS,True,473.62,1
org_strict,5,jigsaw_test,PASS,FLAGGED,False,405.13,1
org_strict,6,hate18,PASS,PASS,True,496.62,1
org_strict,7,jigsaw_train,PASS,PASS,True,466.63,1
org_strict,8,jigsaw_train,FLAGGED,FLAGGED,True,469.15,1
org_strict,9,jigsaw_train,PASS,FLAGGED,False,485.79,1
org_strict,10,jigsaw_test,PASS,PASS,True,491.61,1
org_strict,11,jigsaw_train,PASS,PASS,True,538.18,1
org_strict,12,jigsaw_train,FLAGGED,FLAGGED,True,512.83,1
org_strict,13,jigsaw_train,FLAGGED,FLAGGED,True,485.53,1
org_strict,14,jigsaw_train,FLAGGED,FLAGGED,True,443.08,1
org_strict,15,jigsaw_train,FLAGGED,PASS,False,429.27,1
org_strict,16,jigsaw_train,FLAGGED,PASS,False,492.32,1
org_strict,17,jigsaw_train,PASS,PASS,True,545.55,1
org_strict,18,jigsaw_train,PASS,PASS,True,482.08,1
org_strict,19,jigsaw_train,FLAGGED,FLAGGED,True,474.68,1
org_strict,20,jigsaw_test,PASS,PASS,True,506.59,1
org_strict,21,jigsaw_test,PASS,FLAGGED,False,407.32,1
org_strict,22,hate18,FLAGGED,FLAGGED,True,464.39,1
org_strict,23,jigsaw_train,FLAGGED,PASS,False,504.52,1
org_strict,24,jigsaw_test,FLAGGED,FLAGGED,True,523.67,1
org_strict,25,jigsaw_test,FLAGGED,PASS,False,467.97,1
org_strict,26,jigsaw_train,PASS,PASS,True,498.83,1
org_strict,27,jigsaw_train,PASS,FLAGGED,False,492.41,1
org_strict,28,hate18,PASS,PASS,True,519.12,1
org_strict,29,jigsaw_train,FLAGGED,FLAGGED,True,424.34,1
org_strict,30,jigsaw_train,FLAGGED,FLAGGED,True,508.41,1
org_strict,31,hate18,PASS,PASS,True,404.27,1
org_strict,32,jigsaw_train,PASS,PASS,True,349.0,1
org_strict,33,jigsaw_test,FLAGGED,FLAGGED,True,449.66,1
org_strict,34,jigsaw_test,FLAGGED,FLAGGED,True,434.21,1
org_strict,35,jigsaw_test,PASS,FLAGGED,False,523.8,1
org_strict,36,jigsaw_train,PASS,PASS,True,513.21,1
org_strict,37,jigsaw_train,FLAGGED,FLAGGED,True,419.05,1
org_strict,38,jigsaw_train,FLAGGED,FLAGGED,True,522.37,1
org_strict,39,jigsaw_train,FLAGGED,FLAGGED,True,429.89,1
org_strict,40,jigsaw_train,FLAGGED,FLAGGED,True,475.69,1
org_strict,41,jigsaw_test,PASS,PASS,True,465.31,1
org_strict,42,jigsaw_test,PASS,FLAGGED,False,485.72,1
org_strict,43,jigsaw_train,FLAGGED,FLAGGED,True,520.93,1
org_strict,44,jigsaw_train,PASS,PASS,True,511.92,1
org_strict,45,jigsaw_train,PASS,PASS,True,497.49,1
org_strict,46,jigsaw_test,FLAGGED,FLAGGED,True,512.5,1
org_strict,47,jigsaw_train,PASS,FLAGGED,False,503.92,1
org_strict,48,jigsaw_train,PASS,FLAGGED,False,448.65,1
org_strict,49,jigsaw_test,FLAGGED,FLAGGED,True,444.13,1
org_strict,50,jigsaw_train,FLAGGED,PASS,False,456.5,1
org_strict,51,jigsaw_train,FLAGGED,FLAGGED,True,504.97,1
org_strict,52,hate18,PASS,FLAGGED,False,467.49,1
org_strict,53,hate18,FLAGGED,PASS,False,596.79,1
org_strict,54,jigsaw_train,PASS,PASS,True,439.04,1
org_strict,55,jigsaw_test,FLAGGED,FLAGGED,True,425.06,1
org_strict,56,jigsaw_train,FLAGGED,PASS,False,518.42,1
org_strict,57,jigsaw_train,PASS,PASS,True,551.09,1
org_strict,58,jigsaw_train,PASS,PASS,True,505.28,1
org_strict,59,jigsaw_train,FLAGGED,PASS,False,521.79,1
org_strict,60,hate18,PASS,PASS,True,551.32,1
org_strict,61,jigsaw_test,PASS,PASS,True,475.3,1
org_strict,62,jigsaw_train,PASS,PASS,True,408.85,1
org_strict,63,jigsaw_train,PASS,PASS,True,453.4,1
org_strict,64,jigsaw_train,PASS,PASS,True,527.64,1
org_strict,65,jigsaw_train,PASS,PASS,True,407.82,1
org_strict,66,jigsaw_train,FLAGGED,FLAGGED,True,481.68,1
org_strict,67,jigsaw_train,PASS,FLAGGED,False,492.66,1
org_strict,68,jigsaw_train,FLAGGED,FLAGGED,True,464.22,1
org_strict,69,jigsaw_train,PASS,PASS,True,516.18,1
org_strict,70,jigsaw_train,FLAGGED,FLAGGED,True,509.04,1
org_strict,71,jigsaw_train,FLAGGED,FLAGGED,True,596.07,1
org_strict,72,jigsaw_train,FLAGGED,FLAGGED,True,511.0,1
org_strict,73,jigsaw_train,PASS,PASS,True,449.53,1
org_strict,74,jigsaw_train,FLAGGED,PASS,False,451.91,1
org_strict,75,jigsaw_train,FLAGGED,FLAGGED,True,438.42,1
org_strict,76,jigsaw_train,FLAGGED,FLAGGED,True,527.61,1
org_strict,77,jigsaw_test,PASS,PASS,True,451.66,1
org_strict,78,jigsaw_train,PASS,FLAGGED,False,476.49,1
org_strict,79,jigsaw_train,PASS,PASS,True,517.47,1
org_strict,80,jigsaw_test,FLAGGED,FLAGGED,True,443.83,1
org_strict,81,jigsaw_test,FLAGGED,FLAGGED,True,465.32,1
org_strict,82,jigsaw_train,FLAGGED,FLAGGED,True,387.94,1
org_strict,83,hate18,FLAGGED,FLAGGED,True,425.88,1
org_strict,84,jigsaw_train,PASS,FLAGGED,False,451.61,1
org_strict,85,jigsaw_train,PASS,PASS,True,500.79,1
org_strict,86,jigsaw_train,FLAGGED,FLAGGED,True,539.67,1
org_strict,87,jigsaw_train,PASS,PASS,True,479.08,1
org_strict,88,jigsaw_train,PASS,PASS,True,493.07,1
org_strict,89,jigsaw_train,FLAGGED,FLAGGED,True,488.4,1
org_strict,90,jigsaw_train,FLAGGED,PASS,False,534.24,1
org_strict,91,hate18,FLAGGED,PASS,False,524.67,1
org_strict,92,hate18,PASS,PASS,True,493.68,1
org_strict,93,jigsaw_train,FLAGGED,FLAGGED,True,429.45,1
org_strict,94,jigsaw_train,FLAGGED,PASS,False,525.17,1
org_strict,95,jigsaw_train,FLAGGED,FLAGGED,True,499.05,1
org_strict,96,jigsaw_test,FLAGGED,FLAGGED,True,541.35,1
org_strict,97,jigsaw_train,PASS,PASS,True,478.5,1
org_strict,98,jigsaw_test,FLAGGED,FLAGGED,True,577.66,1
org_strict,99,jigsaw_train,PASS,PASS,True,462.06,1
org_strict,100,jigsaw_test,PASS,PASS,True,559.65,1
org_strict,101,jigsaw_train,PASS,PASS,True,485.76,1
org_strict,102,jigsaw_test,FLAGGED,FLAGGED,True,454.19,1
org_strict,103,jigsaw_train,PASS,FLAGGED,False,423.58,1
org_strict,104,jigsaw_train,FLAGGED,FLAGGED,True,472.45,1
org_strict,105,jigsaw_test,FLAGGED,FLAGGED,True,551.17,1
org_strict,106,jigsaw_train,PASS,PASS,True,520.82,1
org_strict,107,jigsaw_train,PASS,PASS,True,514.44,1
org_strict,108,jigsaw_test,PASS,PASS,True,361.21,1
org_strict,109,jigsaw_test,FLAGGED,FLAGGED,True,515.55,1
org_strict,110,jigsaw_train,FLAGGED,FLAGGED,True,507.79,1
org_strict,111,hate18,PASS,PASS,True,452.5,1
org_strict,112,jigsaw_train,PASS,PASS,True,448.63,1
org_strict,113,jigsaw_test,PASS,PASS,True,479.88,1
org_strict,114,jigsaw_train,FLAGGED,FLAGGED,True,566.24,1
org_strict,115,jigsaw_test,FLAGGED,FLAGGED,True,427.24,1
org_strict,116,jigsaw_train,PASS,PASS,True,458.61,1
org_strict,117,jigsaw_train,FLAGGED,FLAGGED,True,548.09,1
org_strict,118,jigsaw_test,PASS,PASS,True,457.69,1
org_strict,119,jigsaw_train,PASS,PASS,True,461.79,1
org_strict,120,jigsaw_test,FLAGGED,FLAGGED,True,484.89,1
org_strict,121,jigsaw_test,FLAGGED,PASS,False,417.94,1
org_strict,122,jigsaw_test,PASS,PASS,True,491.0,1
org_strict,123,jigsaw_train,PASS,PASS,True,419.52,1
org_strict,124,jigsaw_train,PASS,FLAGGED,False,524.26,1
org_strict,125,hate18,FLAGGED,PASS,False,480.16,1
org_strict,126,hate18,FLAGGED,FLAGGED,True,594.17,1
org_strict,127,jigsaw_test,FLAGGED,FLAGGED,True,494.04,1
org_strict,128,jigsaw_test,PASS,PASS,True,548.28,1
org_strict,129,jigsaw_train,FLAGGED,FLAGGED,True,414.84,1
org_strict,130,jigsaw_test,FLAGGED,PASS,False,473.89,1
org_strict,131,jigsaw_train,FLAGGED,FLAGGED,True,496.16,1
org_strict,132,jigsaw_train,FLAGGED,PASS,False,567.29,1
org_strict,133,jigsaw_train,FLAGGED,FLAGGED,True,395.95,1
org_strict,134,jigsaw_train,PASS,PASS,True,529.53,1
org_strict,135,jigsaw_train,PASS,FLAGGED,False,509.57,1
org_strict,136,jigsaw_test,PASS,PASS,True,556.68,1
org_strict,137,jigsaw_train,PASS,FLAGGED,False,515.62,1
org_strict,138,jigsaw_test,FLAGGED,FLAGGED,True,482.6,1
org_strict,139,jigsaw_test,FLAGGED,FLAGGED,True,453.92,1
org_strict,140,jigsaw_train,PASS,FLAGGED,False,417.59,1
org_strict,141,jigsaw_test,FLAGGED,FLAGGED,True,489.77,1
org_strict,142,jigsaw_train,PASS,FLAGGED,False,470.42,1
org_strict,143,jigsaw_test,PASS,PASS,True,581.01,1
org_strict,144,jigsaw_train,FLAGGED,PASS,False,449.45,1
org_strict,145,jigsaw_train,FLAGGED,FLAGGED,True,496.02,1
org_strict,146,jigsaw_train,PASS,PASS,True,401.55,1
org_strict,147,jigsaw_test,FLAGGED,FLAGGED,True,460.23,1
org_strict,148,jigsaw_train,PASS,PASS,True,493.06,1
org_strict,149,jigsaw_train,PASS,PASS,True,521.2,1
org_strict,150,jigsaw_train,FLAGGED,FLAGGED,True,552.41,1
org_strict,151,jigsaw_train,PASS,PASS,True,477.79,1
org_strict,152,jigsaw_test,PASS,PASS,True,424.14,1
org_strict,153,jigsaw_train,FLAGGED,FLAGGED,True,502.89,1
org_strict,154,jigsaw_train,FLAGGED,FLAGGED,True,505.85,1
org_strict,155,jigsaw_train,PASS,PASS,True,504.58,1
org_strict,156,jigsaw_train,FLAGGED,FLAGGED,True,444.99,1
org_strict,157,jigsaw_test,FLAGGED,FLAGGED,True,536.67,1
org_strict,158,jigsaw_train,PASS,PASS,True,484.39,1
org_strict,159,jigsaw_test,PASS,PASS,True,514.99,1
org_strict,160,jigsaw_train,FLAGGED,PASS,False,543.7,1
org_strict,161,jigsaw_test,FLAGGED,FLAGGED,True,510.46,1
org_strict,162,jigsaw_train,FLAGGED,PASS,False,494.33,1
org_strict,163,jigsaw_train,PASS,PASS,True,587.64,1
org_strict,164,jigsaw_train,PASS,PASS,True,492.19,1
org_strict,165,jigsaw_train,PASS,PASS,True,465.2,1
org_strict,166,jigsaw_train,FLAGGED,FLAGGED,True,485.6,1
org_strict,167,jigsaw_train,PASS,PASS,True,554.14,1
org_strict,168,jigsaw_test,FLAGGED,FLAGGED,True,485.94,1
org_strict,169,jigsaw_train,FLAGGED,FLAGGED,True,505.97,1
org_strict,170,jigsaw_test,PASS,FLAGGED,False,539.79,1
org_strict,171,jigsaw_train,FLAGGED,FLAGGED,True,454.36,1
org_strict,172,jigsaw_train,FLAGGED,PASS,False,393.67,1
org_strict,173,jigsaw_train,FLAGGED,FLAGGED,True,494.97,1
org_strict,174,hate18,PASS,PASS,True,491.49,1
org_strict,175,jigsaw_train,PASS,PASS,True,449.6,1
org_strict,176,jigsaw_train,PASS,PASS,True,523.55,1
org_strict,177,jigsaw_train,PASS,PASS,True,510.38,1
org_strict,178,jigsaw_train,FLAGGED,PASS,False,430.25,1
org_strict,179,jigsaw_train,PASS,PASS,True,505.91,1
org_strict,180,jigsaw_test,FLAGGED,FLAGGED,True,470.19,1
org_strict,181,jigsaw_train,FLAGGED,FLAGGED,True,405.85,1
org_strict,182,jigsaw_train,PASS,FLAGGED,False,502.65,1
org_strict,183,jigsaw_test,FLAGGED,PASS,False,477.74,1
org_strict,184,jigsaw_test,PASS,PASS,True,442.74,1
org_strict,185,jigsaw_train,PASS,PASS,True,506.15,1
org_strict,186,jigsaw_test,PASS,FLAGGED,False,504.4,1
org_strict,187,jigsaw_train,FLAGGED,FLAGGED,True,451.12,1
org_strict,188,jigsaw_train,FLAGGED,FLAGGED,True,500.02,1
org_strict,189,jigsaw_train,FLAGGED,PASS,False,530.75,1
org_strict,190,hate18,FLAGGED,PASS,False,444.37,1
org_strict,191,jigsaw_train,FLAGGED,FLAGGED,True,499.04,1
org_strict,192,jigsaw_test,PASS,PASS,True,480.14,1
org_strict,193,jigsaw_train,FLAGGED,PASS,False,593.3,1
org_strict,194,jigsaw_test,PASS,FLAGGED,False,386.88,1
org_strict,195,jigsaw_test,PASS,PASS,True,514.76,1
org_strict,196,jigsaw_train,FLAGGED,FLAGGED,True,464.69,1
org_strict,197,hate18,FLAGGED,PASS,False,474.99,1
org_strict,198,jigsaw_test,PASS,PASS,True,575.08,1
org_strict,199,jigsaw_train,PASS,PASS,True,479.57,1
org_strict,200,jigsaw_test,FLAGGED,FLAGGED,True,592.05,1
org_strict,201,jigsaw_train,FLAGGED,FLAGGED,True,457.89,1
org_strict,202,jigsaw_test,FLAGGED,FLAGGED,True,497.53,1
org_strict,203,jigsaw_train,PASS,PASS,True,455.46,1
org_strict,204,jigsaw_train,FLAGGED,FLAGGED,True,445.47,1
org_strict,205,jigsaw_train,FLAGGED,FLAGGED,True,483.12,1
org_strict,206,jigsaw_test,PASS,PASS,True,465.87,1
org_strict,207,jigsaw_train,FLAGGED,PASS,False,490.12,1
org_strict,208,jigsaw_test,FLAGGED,FLAGGED,True,374.75,1
org_strict,209,jigsaw_test,PASS,PASS,True,580.12,1
org_strict,210,jigsaw_train,PASS,PASS,True,471.65,1
org_strict,211,jigsaw_train,PASS,FLAGGED,False,567.15,1
org_strict,212,jigsaw_test,PASS,PASS,True,429.64,1
org_strict,213,hate18,PASS,PASS,True,494.63,1
org_strict,214,jigsaw_train,PASS,PASS,True,638.25,1
org_strict,215,jigsaw_train,FLAGGED,PASS,False,436.51,1
org_strict,216,jigsaw_train,PASS,FLAGGED,False,405.24,1
org_strict,217,hate18,PASS,PASS,True,452.67,1
org_strict,218,jigsaw_train,FLAGGED,FLAGGED,True,503.62,1
org_strict,219,jigsaw_test,FLAGGED,FLAGGED,True,514.67,1
org_strict,220,jigsaw_test,PASS,PASS,True,544.52,1
org_strict,221,jigsaw_test,PASS,PASS,True,467.15,1
org_strict,222,jigsaw_train,PASS,PASS,True,399.89,1
org_strict,223,jigsaw_train,PASS,PASS,True,458.25,1
org_strict,224,jigsaw_train,FLAGGED,FLAGGED,True,542.01,1
org_strict,225,jigsaw_test,FLAGGED,FLAGGED,True,503.28,1
org_strict,226,jigsaw_train,PASS,PASS,True,382.15,1
org_strict,227,jigsaw_train,FLAGGED,FLAGGED,True,478.25,1
org_strict,228,jigsaw_train,PASS,PASS,True,549.91,1
org_strict,229,jigsaw_test,FLAGGED,FLAGGED,True,586.33,1
org_strict,230,jigsaw_test,PASS,FLAGGED,False,508.08,1
org_strict,231,jigsaw_train,PASS,PASS,True,495.47,1
org_strict,232,jigsaw_train,PASS,PASS,True,417.99,1
org_strict,233,jigsaw_train,FLAGGED,FLAGGED,True,437.84,1
org_strict,234,jigsaw_train,PASS,PASS,True,482.35,1
org_strict,235,jigsaw_train,FLAGGED,FLAGGED,True,505.16,1
org_strict,236,jigsaw_train,PASS,FLAGGED,False,509.01,1
org_strict,237,jigsaw_train,FLAGGED,FLAGGED,True,456.09,1
org_strict,238,jigsaw_train,FLAGGED,FLAGGED,True,422.4,1
org_strict,239,jigsaw_train,PASS,PASS,True,441.11,1
org_strict,240,jigsaw_train,FLAGGED,FLAGGED,True,422.15,1
org_strict,241,jigsaw_train,FLAGGED,FLAGGED,True,512.17,1
org_strict,242,jigsaw_test,PASS,FLAGGED,False,364.39,1
org_strict,243,jigsaw_train,PASS,PASS,True,463.34,1
org_strict,244,hate18,PASS,PASS,True,502.49,1
org_strict,245,jigsaw_train,FLAGGED,FLAGGED,True,556.1,1
org_strict,246,jigsaw_train,PASS,FLAGGED,False,483.56,1
org_strict,247,jigsaw_train,FLAGGED,FLAGGED,True,530.06,1
org_strict,248,jigsaw_train,PASS,PASS,True,460.05,1
org_strict,249,jigsaw_train,FLAGGED,FLAGGED,True,442.78,1
org_strict,250,jigsaw_train,FLAGGED,FLAGGED,True,446.28,1
org_strict,251,jigsaw_train,FLAGGED,PASS,False,556.37,1
org_strict,252,jigsaw_test,PASS,PASS,True,529.71,1
org_strict,253,jigsaw_train,PASS,PASS,True,504.37,1
org_strict,254,jigsaw_train,FLAGGED,FLAGGED,True,646.51,1
org_strict,255,jigsaw_test,FLAGGED,FLAGGED,True,478.38,1
org_strict,256,jigsaw_train,PASS,PASS,True,511.02,1
org_strict,257,jigsaw_train,FLAGGED,FLAGGED,True,495.38,1
org_strict,258,jigsaw_train,FLAGGED,FLAGGED,True,468.91,1
org_strict,259,jigsaw_train,FLAGGED,PASS,False,595.81,1
org_strict,260,jigsaw_train,FLAGGED,PASS,False,555.33,1
org_strict,261,hate18,FLAGGED,PASS,False,410.03,1
org_strict,262,jigsaw_train,FLAGGED,FLAGGED,True,460.01,1
org_strict,263,jigsaw_train,PASS,PASS,True,501.42,1
org_strict,264,jigsaw_train,PASS,FLAGGED,False,519.16,1
org_strict,265,jigsaw_test,PASS,FLAGGED,False,412.58,1
org_strict,266,jigsaw_test,PASS,FLAGGED,False,367.22,1
org_strict,267,jigsaw_train,FLAGGED,FLAGGED,True,384.68,1
org_strict,268,jigsaw_train,FLAGGED,FLAGGED,True,476.44,1
org_strict,269,jigsaw_test,PASS,PASS,True,474.84,1
org_strict,270,jigsaw_train,FLAGGED,FLAGGED,True,497.26,1
org_strict,271,jigsaw_test,PASS,PASS,True,441.52,1
org_strict,272,jigsaw_train,FLAGGED,FLAGGED,True,418.79,1
org_strict,273,jigsaw_train,PASS,PASS,True,378.85,1
org_strict,274,jigsaw_train,PASS,PASS,True,496.46,1
org_strict,275,jigsaw_train,PASS,PASS,True,498.5,1
org_strict,276,jigsaw_train,PASS,PASS,True,529.65,1
org_strict,277,jigsaw_train,PASS,FLAGGED,False,519.54,1
org_strict,278,jigsaw_train,PASS,PASS,True,470.46,1
org_strict,279,jigsaw_train,PASS,PASS,True,547.46,1
org_strict,280,jigsaw_train,FLAGGED,FLAGGED,True,473.18,1
org_strict,281,jigsaw_train,PASS,PASS,True,446.96,1
org_strict,282,jigsaw_train,PASS,PASS,True,453.97,1
org_strict,283,jigsaw_train,FLAGGED,FLAGGED,True,450.76,1
org_strict,284,jigsaw_train,FLAGGED,FLAGGED,True,371.71,1
org_strict,285,jigsaw_test,FLAGGED,FLAGGED,True,487.82,1
org_strict,286,jigsaw_train,FLAGGED,FLAGGED,True,492.49,1
org_strict,287,jigsaw_train,PASS,FLAGGED,False,461.89,1
org_strict,288,jigsaw_train,PASS,PASS,True,444.31,1
org_strict,289,jigsaw_train,FLAGGED,PASS,False,498.59,1
org_strict,290,jigsaw_train,PASS,PASS,True,565.84,1
org_strict,291,jigsaw_train,PASS,PASS,True,481.91,1
org_strict,292,jigsaw_train,PASS,PASS,True,454.62,1
org_strict,293,jigsaw_train,FLAGGED,FLAGGED,True,450.43,1
org_strict,294,jigsaw_train,FLAGGED,FLAGGED,True,476.51,1
org_strict,295,jigsaw_train,FLAGGED,FLAGGED,True,416.76,1
org_strict,296,jigsaw_train,FLAGGED,FLAGGED,True,473.74,1
org_strict,297,jigsaw_train,PASS,FLAGGED,False,483.06,1
org_strict,298,jigsaw_train,PASS,FLAGGED,False,572.23,1
org_strict,299,jigsaw_train,FLAGGED,FLAGGED,True,527.17,1
