group_id,username,joined_at
273A57,soham,2026-02-21 12:56:15
994055,sohamjadhav95,2026-02-21 13:04:49
273A57,sohamjadhav95,2026-02-21 13:08:29
CC832A,testuser33,2026-02-21 19:46:39
D42174,imgtest99,2026-02-21 20:09:16
40AB66,persisttest,2026-02-21 20:24:28
53CA26,testuser2,2026-02-21 22:42:04
53CA26,testuser3,2026-02-21 22:43:58
DEC52D,123456,2026-04-02 15:12:00
DEC52D,12345678,2026-04-02 18:24:57
F1D426,arjun_sharma,2026-04-05 21:01:55
F1D426,sneha_more,2026-04-05 21:02:46
5F231E,arjun_sharma,2026-04-07 12:28:00
5F231E,rahul_k,2026-04-07 12:30:40
00F450,priya_patel,2026-04-07 12:34:32
27D9DD,arjun_sharma,2026-04-07 13:08:34
27D9DD,rahul_k,2026-04-07 13:08:34
27D9DD,sneha_more,2026-04-07 13:08:34
27D9DD,neha_k,2026-04-07 13:08:34
743BDA,priya_patel,2026-04-07 13:08:34
743BDA,arjun_sharma,2026-04-07 13:08:34
743BDA,rahul_k,2026-04-07 13:08:34
743BDA,vikram_d,2026-04-07 13:08:34
AD527B,sneha_more,2026-04-07 13:08:34
AD527B,priya_patel,2026-04-07 13:08:34
AD527B,vikram_d,2026-04-07 13:08:34
AD527B,neha_k,2026-04-07 13:08:34
